site_id,row,col,lat,lon,splat_time,coverage_pct,max_level,mean_level,size_kb
5,0,5,29.274835630009907,33.801386682074245,14.216615438461304,1.3214163237311385,16,8.654593531764865,7.8623046875
40,0,40,29.274835630009907,34.222687659492514,14.094780445098877,12.476491769547325,16,11.468475471104183,93.013671875
440,10,5,29.37956324395879,33.801386682074245,14.149883508682251,1.2781207133058985,16,8.581423757371525,7.6494140625
475,10,41,29.37956324395879,34.234724830275894,13.799388408660889,13.358556241426612,16,11.623580246754436,106.53515625
876,20,5,29.484290857907663,33.801386682074245,15.76017713546753,0.8899449035812672,16,8.82488007330351,10.62890625
911,20,40,29.484290857907663,34.222687659492514,15.249468564987183,8.512350780532598,16,12.327094474153297,109.236328125
1309,30,5,29.589018471856548,33.801386682074245,13.668513774871826,1.3580932784636488,16,8.601866006009171,7.84375
1344,30,41,29.589018471856548,34.234724830275894,14.014384031295776,12.962791495198903,16,12.01351056904088,105.0390625
1740,40,5,29.69374608580543,33.801386682074245,13.84355115890503,2.042764060356653,16,10.871224549709016,13.2294921875
1775,40,40,29.69374608580543,34.222687659492514,13.866164207458496,10.768192729766804,16,11.882744953024023,86.755859375
